trial,min_distance,path_length,straight_line,path_ratio,max_lateral_dev,commit_dist,dev_at_min,duration_s,mean_speed,n_odom,n_person
a_nolayer_t01,0.1185,11.1245,10.3260,1.0773,0.3385,0.9229,-0.1505,41.0820,0.2708,2548,180
a_nolayer_t02,0.1528,11.1551,10.2988,1.0831,0.2927,1.5771,0.0841,50.3220,0.2217,3121,192
a_nolayer_t03,0.1630,11.7239,10.4516,1.1217,0.4786,0.1857,-0.1935,41.1930,0.2846,2555,191
a_nolayer_t04,0.1279,11.2763,10.3369,1.0909,0.4301,0.4207,-0.1831,41.9400,0.2689,2601,178
a_nolayer_t05,0.1856,11.1191,10.2961,1.0799,0.4173,0.3021,-0.2197,42.9510,0.2589,2664,175
a_nolayer_t06,0.1583,11.6182,10.6275,1.0932,0.4190,0.4895,-0.1710,41.2110,0.2819,2556,190
b_critweight20_t01,0.7138,11.6206,10.4169,1.1156,0.9913,3.7313,-0.7448,40.6950,0.2856,2524,189
b_critweight20_t02,0.6745,11.5785,10.3271,1.1212,0.9767,3.6430,-0.6943,41.7090,0.2776,2587,184
b_critweight20_t03,0.6971,11.6652,10.4522,1.1161,0.9883,3.9568,-0.7254,42.5010,0.2745,2635,183
b_critweight20_t04,0.6496,11.6538,10.4136,1.1191,0.9411,3.2363,-0.6546,43.0650,0.2706,2671,171
b_critweight20_t05,0.6922,11.6049,10.4096,1.1148,0.9791,3.5820,-0.7016,45.5250,0.2549,2835,209
b_critweight20_t06,0.6620,11.5883,10.5083,1.1028,0.9050,2.8764,-0.6284,42.4530,0.2730,2633,191
c_critweight10_t01,0.7360,11.8148,10.5124,1.1239,1.0195,4.1244,-0.7368,44.6430,0.2647,2769,186
c_critweight10_t02,0.7394,11.3961,10.2697,1.1097,0.9747,3.7039,-0.7222,38.8860,0.2931,2398,184
c_critweight10_t03,0.7234,11.5436,10.3138,1.1192,0.9884,4.2631,-0.7294,41.2890,0.2796,2561,186
c_critweight10_t04,0.6752,11.5451,10.3934,1.1108,0.9585,3.7700,-0.6966,42.6300,0.2708,2644,187
c_critweight10_t05,0.6961,11.4767,10.3642,1.1073,0.9675,3.4724,-0.7118,45.3840,0.2529,2813,185
c_critweight10_t06,0.5568,11.4029,10.3073,1.1063,0.8578,2.9267,-0.5617,46.3080,0.2462,2872,183
d_critweight10_socialcritic_on_t01,0.7720,12.1686,10.3786,1.1725,1.3599,3.1554,-0.7801,46.4970,0.2617,2884,200
d_critweight10_socialcritic_on_t02,0.8223,12.1290,10.2889,1.1789,1.2683,3.4565,-0.7923,41.7390,0.2906,2589,195
d_critweight10_socialcritic_on_t03,0.5259,11.9894,10.3725,1.1559,1.1583,2.5936,-0.5312,42.9360,0.2792,2663,196
d_critweight10_socialcritic_on_t04,0.7971,11.8384,10.3335,1.1456,1.1200,4.0183,-0.8077,42.9390,0.2757,2663,201
d_critweight10_socialcritic_on_t05,0.7618,11.8994,10.3637,1.1482,1.1792,3.0487,-0.7315,43.4370,0.2739,2694,196
d_critweight10_socialcritic_on_t06,0.7618,11.9086,10.3656,1.1489,1.0685,3.3103,-0.7518,44.4060,0.2682,2754,194
e_critweight20_socialcritic_on_1.2_t01,0.8246,11.6590,10.3675,1.1246,1.1032,4.3384,-0.8558,41.5140,0.2808,2575,202
e_critweight20_socialcritic_on_1.2_t02,0.8395,11.7998,10.3275,1.1426,1.2008,4.4861,-0.8941,44.7900,0.2634,2778,215
e_critweight20_socialcritic_on_1.2_t03,0.8526,12.2406,10.5018,1.1656,1.2749,3.8383,-0.8263,42.9990,0.2847,2667,197
e_critweight20_socialcritic_on_1.2_t04,0.8356,12.2085,10.3905,1.1750,1.4503,3.8590,-0.8412,42.6750,0.2861,2647,210
e_critweight20_socialcritic_on_1.2_t05,0.8428,12.0444,10.5245,1.1444,1.1940,4.2527,-0.8659,42.6780,0.2822,2646,211
e_critweight20_socialcritic_on_1.2_t06,0.8735,11.9542,10.4117,1.1481,1.2142,4.3311,-0.9110,41.4210,0.2886,2569,204
e_critweight20_socialcritic_on_t01,0.8233,12.2065,10.5056,1.1619,1.1442,3.6640,-0.7929,44.6910,0.2731,2772,200
e_critweight20_socialcritic_on_t02,0.7985,11.9261,10.2995,1.1579,1.3771,3.7240,-0.8466,42.4200,0.2811,2631,187
e_critweight20_socialcritic_on_t03,0.7599,12.0102,10.3430,1.1612,1.1286,3.4638,-0.8164,43.1100,0.2786,2674,197
e_critweight20_socialcritic_on_t04,0.7991,12.0636,10.5927,1.1389,1.0184,3.5447,-0.7862,42.5490,0.2835,2639,192
e_critweight20_socialcritic_on_t05,0.9175,12.3472,10.5160,1.1741,1.3874,4.1562,-0.8562,47.4810,0.2600,2933,220
e_critweight20_socialcritic_on_t06,0.8477,12.2528,10.3979,1.1784,1.3624,3.7673,-0.8383,45.7710,0.2677,2839,206
